{
  "duration": 2.0,
  "sample_rate": 22050,
  "tempo": 120.0,
  "num_beats": 0,
  "key": "A",
  "mode": "minor",
  "key_confidence": 0.6816301241935574,
  "key_string": "A minor",
  "time_signature": "4/4",
  "chroma_mean": [
    0.008791319094598293,
    0.008765323087573051,
    0.008375462144613266,
    0.00818739552050829,
    0.008126840926706791,
    0.008311441168189049,
    0.008778214454650879,
    0.009975740686058998,
    0.01677447371184826,
    1.0,
    0.016982221975922585,
    0.008997522294521332
  ],
  "rms_energy": 0.7004736661911011,
  "spectral_centroid": 447.21660076848866,
  "zero_crossing_rate": 0.039225260416666664,
  "onset_strength_mean": 0.0010267640464007854,
  "onset_strength_std": 0.00514587014913559
}